BATCH_SIZE,LEARNING_RATE,EMB_SIZE,ATTN_HEADS,ENC_LAYERS,DEC_LAYERS,Final_Accuracy,Final_Loss,Execution_Time_Seconds
16,1e-06,64,16,6,1,0.84207,2.303947,271.74
16,1e-06,128,1,1,4,0.870004,1.251772,338.98
16,1e-06,512,8,2,3,0.88099,1.206531,593.3
16,1e-06,64,16,6,4,0.851376,2.080574,2632.49
16,1e-06,64,16,6,4,0.862545,1.78168,444.84
16,1e-06,128,16,8,4,0.867987,1.340937,562.41
16,1e-06,128,4,3,5,0.870655,1.294758,481.91
16,1e-06,512,8,4,6,0.865813,1.284867,1287.18
16,1e-06,16,2,2,8,0.470818,5.81597,686.4
16,1e-06,128,16,8,4,0.858139,1.528877,3377.76
16,1e-06,256,16,5,3,0.872122,1.273822,393.56
16,1e-06,1024,8,4,5,0.859807,1.282064,2154.71
16,1e-06,48,1,3,2,0.818617,2.703056,229.97
16,1e-06,96,16,1,8,0.865485,1.38925,491.66
16,1e-06,384,16,8,3,0.864682,1.312762,557.49
16,1e-06,64,8,6,6,0.86022,1.764645,512.95
16,1e-06,256,2,1,6,0.887318,1.22994,411.87
16,1e-06,384,1,1,4,0.872786,1.173396,366.41
16,1e-06,384,8,4,2,0.869786,1.225137,338.2
16,1e-06,128,4,5,2,0.868932,1.348001,286.25
16,1e-06,384,8,8,4,0.873828,1.31246,637.78
16,1e-06,128,8,3,6,0.870137,1.29143,430.98
16,1e-06,512,1,1,4,0.876074,1.164088,531.45
16,1e-06,16,4,6,8,0.513557,5.726248,615.3
16,1e-06,256,4,8,3,0.878133,1.268758,441.16
16,1e-06,32,16,4,6,0.811404,3.428069,458.97
16,1e-06,64,2,8,5,0.858683,1.731932,507.02
16,1e-06,32,2,1,6,0.79595,3.401638,392.94
16,1e-06,96,8,1,4,0.867185,1.399227,274.09
16,1e-06,192,16,6,1,0.866983,1.313197,255.55
32,1e-06,256,1,5,8,0.881735,1.323246,367.09
32,1e-06,64,1,5,2,0.842528,2.596128,142.88
32,1e-06,128,1,5,2,0.868663,1.502906,149.34
32,1e-06,768,8,6,3,0.860235,1.297876,918.27
32,1e-06,192,16,6,1,0.86564,1.380078,133.95
32,1e-06,128,1,5,6,0.869652,1.386846,264.07
32,1e-06,128,16,2,1,0.863873,1.733985,82.4
32,1e-06,192,8,2,4,0.868225,1.245648,164.25
32,1e-06,768,2,2,4,0.867849,1.275507,734.28
32,1e-06,768,8,5,1,0.87043,1.275174,548.93
32,1e-06,1024,2,8,5,0.868417,1.306252,2219.27
32,1e-06,16,1,5,6,0.393798,6.986534,242.55
32,1e-06,48,8,5,3,0.816583,3.278629,160.41
32,1e-06,64,2,5,5,0.849937,2.18728,214.4
32,1e-06,1024,8,4,8,0.866991,1.386078,2379.49
32,1e-06,48,16,6,8,0.823376,2.927834,311.12
32,1e-06,64,4,1,8,0.856076,2.154723,249.18
32,1e-06,128,4,5,2,0.869708,1.514962,141.23
32,1e-06,192,8,1,3,0.866241,1.2541,130.58
32,1e-06,48,4,5,8,0.837342,2.795054,295.82
32,1e-06,192,4,3,4,0.869227,1.301153,175.07
32,1e-06,256,4,8,2,0.868267,1.338426,220.57
32,1e-06,384,4,4,5,0.86681,1.337367,379.14
32,1e-06,512,16,2,6,0.86645,1.240053,557.76
32,1e-06,64,2,4,3,0.840306,2.340544,158.96
32,1e-06,192,1,2,4,0.872145,1.215232,163.09
32,1e-06,16,8,1,8,0.469563,6.460105,259.56
32,1e-06,16,4,5,6,0.367537,7.014854,234.83
32,1e-06,48,8,6,2,0.738097,3.578743,154.47
32,1e-06,128,2,5,2,0.869631,1.504021,153.06
32,1e-06,16,2,2,2,0.169755,7.422706,113.31
32,1e-06,96,16,2,4,0.861804,1.718186,158.87
32,1e-06,96,1,4,8,0.865712,1.538133,290.95
32,1e-06,256,16,5,2,0.870921,1.279774,162.56
32,1e-06,256,8,2,1,0.870778,1.269933,80.51
32,1e-06,384,8,8,8,0.869103,1.344505,641.72
48,1e-06,128,4,4,5,0.868048,1.483184,148.57
48,1e-06,128,8,3,1,0.860113,1.880661,65.82
48,1e-06,768,4,2,8,0.866566,1.294184,1198.19
48,1e-06,32,16,8,6,0.598777,4.932168,204.18
48,1e-06,64,4,4,1,0.580423,4.117358,70.69
48,1e-06,768,2,8,1,0.875151,1.330451,746.38
48,1e-06,1024,4,3,3,0.867927,1.258313,1001.28
48,1e-06,1024,1,2,3,0.871829,1.185502,896.44
48,1e-06,384,8,2,8,0.871019,1.347791,412.62
48,1e-06,768,2,4,6,0.867925,1.323853,1093.53
48,1e-06,192,2,1,8,0.872427,1.27948,151.15
48,1e-06,16,1,3,4,0.155928,7.635275,89.94
48,1e-06,32,8,3,4,0.530577,5.259762,98.25
48,1e-06,96,2,5,1,0.835164,2.457869,81.31
48,1e-06,128,2,6,6,0.869669,1.454313,177.69
48,1e-06,256,16,4,3,0.872066,1.284647,150.46
48,1e-06,48,4,2,6,0.776459,3.467422,131.82
48,1e-06,128,8,3,2,0.862881,1.702111,79.9
48,1e-06,192,2,6,3,0.869013,1.423283,137.82
48,1e-06,512,8,4,6,0.871182,1.375469,545.89
48,1e-06,64,1,3,4,0.834178,2.637804,110.49
48,1e-06,64,1,3,3,0.833477,2.805216,96.53
48,1e-06,256,2,3,1,0.872592,1.314547,82.08
48,1e-06,384,8,5,2,0.869674,1.276981,228.45
48,1e-06,128,8,5,6,0.865109,1.472609,167.52
48,1e-06,384,1,1,6,0.869391,1.238226,297.8
48,1e-06,768,8,1,2,0.871435,1.171892,366.4
48,1e-06,768,16,1,1,0.87279,1.14292,221.49
48,1e-06,1024,16,8,3,0.859941,1.332388,1637.11
64,1e-06,48,1,3,2,0.569354,4.988934,64.05
64,1e-06,48,16,2,1,0.309107,6.076084,46.8
64,1e-06,64,2,1,3,0.716339,3.571567,68.3
64,1e-06,64,4,5,2,0.679952,3.674751,81.22
64,1e-06,192,16,8,6,0.861638,1.350224,189.45
64,1e-06,256,2,5,2,0.871547,1.276978,124.85
64,1e-06,384,16,6,3,0.866787,1.33953,265.66
64,1e-06,768,2,2,8,0.866708,1.30134,1074.94
64,1e-06,1024,8,2,3,0.866945,1.193607,838.94
64,1e-06,48,4,4,5,0.698909,4.147691,106.58
64,1e-06,96,1,4,8,0.861829,1.790747,152.68
64,1e-06,192,4,8,1,0.863453,1.536478,96.88
64,1e-06,768,1,1,4,0.878904,1.15044,559.97
64,1e-06,96,1,1,1,0.612807,3.559188,35.56
64,1e-06,256,16,3,8,0.871905,1.29476,264.79
64,1e-06,384,1,2,8,0.877574,1.33106,378.83
64,1e-06,1024,8,6,8,0.866575,1.629447,2289.35
64,1e-06,32,16,2,3,0.318089,6.451347,64.3
64,1e-06,128,2,5,1,0.852362,2.228404,66.22
64,1e-06,384,4,1,4,0.869784,1.194473,195.19
64,1e-06,1024,4,2,8,0.863969,1.345253,1857.77
64,1e-06,16,4,2,2,0.170781,8.157195,50.4
64,1e-06,128,16,3,8,0.865116,1.52459,150.97
64,1e-06,192,1,6,5,0.868296,1.361612,150.78
64,1e-06,16,16,2,4,0.192596,7.555072,72.89
64,1e-06,256,8,4,2,0.869784,1.279551,108.92
64,1e-06,512,16,5,3,0.869458,1.341256,364.8
64,1e-06,768,1,6,3,0.870533,1.31499,780.88
64,1e-06,32,16,6,6,0.629221,5.403873,131.38
64,1e-06,32,2,5,6,0.567904,5.131152,133.01
64,1e-06,64,8,5,5,0.826869,2.904379,113.38
64,1e-06,64,2,2,8,0.838613,2.714821,134.63
64,1e-06,512,8,3,1,0.872403,1.204797,179.92
64,1e-06,32,4,1,3,0.418535,6.284738,57.47
64,1e-06,48,4,2,8,0.7888,3.561466,138.12
64,1e-06,96,8,6,5,0.859608,1.93162,132.77
64,1e-06,512,16,3,3,0.871038,1.262888,302.08
64,1e-06,1024,16,3,5,0.867685,1.301204,1348.17
64,1e-06,96,2,5,6,0.862441,1.899756,133.21
64,1e-06,256,4,4,2,0.871048,1.285115,110.08
64,1e-06,512,2,2,3,0.873986,1.219641,281.18
64,1e-06,1024,1,1,3,0.870578,1.164158,732.96
96,1e-06,1024,1,4,4,0.882613,1.260426,1189.85
96,1e-06,512,16,6,2,0.871238,1.305416,319.94
96,1e-06,512,8,3,6,0.868905,1.553482,444.92
96,1e-06,32,2,8,6,0.427472,5.989491,90.84
96,1e-06,64,1,2,8,0.787382,3.07878,92.24
96,1e-06,256,1,3,1,0.868979,1.509151,60.93
96,1e-06,768,1,3,2,0.876754,1.232856,419.02
96,1e-06,48,8,3,1,0.21542,6.796099,34.25
96,1e-06,64,2,8,4,0.775718,3.331003,88.0
96,1e-06,96,1,3,5,0.847815,2.159121,77.54
96,1e-06,768,16,5,8,0.866209,1.317249,1215.65
96,1e-06,256,2,3,5,0.86994,1.404373,143.74
96,1e-06,768,4,1,5,0.865266,1.329572,625.94
96,1e-06,16,4,6,2,0.182048,8.359719,61.68
96,1e-06,192,8,2,1,0.8618,1.750294,39.64
96,1e-06,192,16,2,6,0.869525,1.330965,119.75
96,1e-06,256,2,5,1,0.867597,1.423374,83.0
96,1e-06,256,16,5,4,0.867661,1.374899,145.86
96,1e-06,384,1,3,4,0.875543,1.458185,222.33
96,1e-06,32,8,3,5,0.434517,6.374764,68.22
128,1e-06,32,16,1,6,0.394138,6.765784,55.26
128,1e-06,48,8,4,3,0.400923,6.09202,41.02
128,1e-06,192,4,3,4,0.867793,1.414311,82.41
128,1e-06,192,2,1,2,0.862163,1.670661,44.18
128,1e-06,512,4,8,5,0.868558,1.337783,521.79
128,1e-06,192,8,2,2,0.863708,1.667555,50.91
128,1e-06,256,4,3,8,0.869396,1.399251,201.93
128,1e-06,16,8,2,5,0.186417,8.406305,52.41
128,1e-06,256,2,8,3,0.869181,1.408388,145.94
128,1e-06,192,1,2,5,0.866882,1.424796,91.64
128,1e-06,192,16,8,4,0.863893,1.519505,123.86
128,1e-06,384,1,1,4,0.877001,1.206382,173.02
128,1e-06,512,1,1,8,0.880046,1.349836,479.78
128,1e-06,512,4,2,6,0.869482,1.280147,395.17
128,1e-06,16,1,6,8,0.183949,7.919279,83.93
128,1e-06,256,1,4,4,0.87227,1.349055,124.91
128,1e-06,384,1,6,4,0.870543,1.321418,259.43
128,1e-06,16,8,5,3,0.141736,8.220004,48.7
128,1e-06,16,1,8,8,0.120369,8.355169,89.15
128,1e-06,128,16,3,6,0.859694,1.899217,74.2
128,1e-06,192,8,2,8,0.870489,1.429938,131.7
128,1e-06,384,8,6,5,0.869577,1.327172,295.13
128,1e-06,48,1,8,2,0.33745,5.918126,55.62
128,1e-06,96,2,3,2,0.620307,3.639174,36.2
128,1e-06,96,1,2,5,0.82565,2.488061,52.55
128,1e-06,16,2,4,3,0.170592,8.81937,48.56
128,1e-06,64,4,4,1,0.169755,6.341602,34.25
128,1e-06,192,1,4,2,0.866963,1.636513,63.11
128,1e-06,256,16,6,4,0.866243,1.399774,154.91
128,1e-06,384,1,5,2,0.871038,1.333225,176.58
192,1e-06,64,4,1,3,0.428669,6.054292,23.0
192,1e-06,128,8,1,1,0.514259,4.840082,16.03
192,1e-06,128,2,1,4,0.791447,2.646653,36.83
192,1e-06,192,1,1,1,0.695294,3.344181,26.66
192,1e-06,32,8,4,3,0.170077,7.618186,36.12
192,1e-06,512,16,5,2,0.869477,1.822956,259.9
192,1e-06,1024,1,6,1,0.874038,1.460656,803.65
192,1e-06,16,1,1,3,0.00978,9.32315,25.94
192,1e-06,32,2,3,8,0.403551,6.732343,51.11
192,1e-06,192,1,6,4,0.865275,1.462678,91.68
192,1e-06,768,2,3,5,0.871283,1.595065,682.97
192,1e-06,768,16,6,1,0.871785,1.704367,460.73
192,1e-06,16,2,3,6,0.16729,8.492765,40.39
192,1e-06,32,4,4,8,0.301883,6.995123,54.45
192,1e-06,192,2,8,2,0.860322,1.806655,77.44
192,1e-06,96,16,1,8,0.785585,2.936264,60.02
192,1e-06,768,4,1,8,0.868639,1.480987,882.0
192,1e-06,48,16,4,2,0.31292,6.956404,29.25
192,1e-06,48,16,1,2,0.17946,7.303503,21.55
192,1e-06,64,4,1,1,0.16086,7.211044,18.0
192,1e-06,96,2,8,1,0.481451,5.055121,35.28
192,1e-06,128,4,4,3,0.816191,2.536575,39.67
192,1e-06,192,4,2,3,0.85663,1.632391,57.72
192,1e-06,512,8,6,3,0.868783,1.255165,331.32
192,1e-06,64,8,5,6,0.539118,4.746751,55.36
192,1e-06,128,8,4,6,0.848681,2.14589,59.36
192,1e-06,256,1,4,1,0.858806,1.803817,64.07
256,1e-06,64,1,2,2,0.170521,6.820906,21.4
256,1e-06,256,4,4,4,0.868899,1.456269,116.93
256,1e-06,256,8,1,8,0.865881,1.378544,160.79
256,1e-06,512,1,4,2,0.873117,1.307419,224.78
256,1e-06,32,1,8,8,0.257339,7.327976,57.23
256,1e-06,96,2,3,6,0.717107,3.496636,48.24
256,1e-06,192,16,5,5,0.858474,1.773944,99.32
256,1e-06,1024,16,6,6,0.857982,1.372443,1600.28
256,1e-06,64,4,8,4,0.463282,5.009748,38.12
256,1e-06,384,2,3,3,0.870492,1.261792,158.55
256,1e-06,32,4,2,2,0.080255,8.343088,18.46
256,1e-06,192,4,1,4,0.845121,1.826261,59.48
256,1e-06,192,2,8,1,0.826286,2.606785,65.78
256,1e-06,768,2,6,5,0.864964,1.348843,837.35
256,1e-06,16,2,5,4,0.162657,8.904614,30.4
256,1e-06,64,2,2,1,0.169755,7.375286,14.94
256,1e-06,16,1,4,4,0.022384,9.307053,28.77
256,1e-06,32,4,8,6,0.258837,7.326777,45.21
256,1e-06,192,8,6,5,0.861914,1.672301,107.79
256,1e-06,256,16,8,6,0.864064,1.457986,185.65
256,1e-06,256,2,2,5,0.868114,1.399833,114.88
256,1e-06,512,4,2,6,0.866517,1.286805,373.65
256,1e-06,768,1,3,8,0.87182,1.396067,974.0
256,1e-06,64,4,4,2,0.331669,6.601078,25.34
256,1e-06,96,1,5,8,0.783161,3.061921,62.88
256,1e-06,512,1,3,6,0.865787,1.304533,395.84
512,1e-06,96,2,4,2,0.263737,6.424864,21.57
512,1e-06,256,16,6,1,0.714364,3.270287,72.24
512,1e-06,64,1,8,1,0.03927,8.317505,18.68
512,1e-06,96,2,4,1,0.234105,7.356362,18.44
512,1e-06,512,8,4,8,0.865549,1.361382,495.33
512,1e-06,16,16,8,8,0.021766,9.728219,33.13
512,1e-06,64,8,1,8,0.233011,6.573413,29.98
512,1e-06,16,8,5,5,0.071857,9.331383,21.74
512,1e-06,48,16,8,4,0.175023,7.217437,26.69
512,1e-06,768,16,6,3,0.869001,1.376951,658.16
512,1e-06,1024,2,2,2,0.868271,1.255627,543.22
512,1e-06,512,1,3,2,0.871027,1.361649,192.09
512,1e-06,1024,4,4,5,0.870248,1.346012,1224.55
512,1e-06,32,8,5,6,0.197365,7.869578,22.86
512,1e-06,48,1,5,1,0.162908,8.916512,15.07
512,1e-06,768,1,1,2,0.871209,1.200675,273.12
512,1e-06,32,1,2,3,0.089917,9.261182,17.02
512,1e-06,32,2,4,4,0.195072,8.352757,20.35
512,1e-06,32,2,5,1,0.039818,9.361529,13.8
512,1e-06,64,16,2,5,0.218495,6.903558,26.26
512,1e-06,16,4,6,3,0.039981,9.425396,19.04
512,1e-06,32,8,3,3,0.077044,8.705099,15.84
512,1e-06,128,2,5,8,0.809612,2.91084,67.9
512,1e-06,256,16,3,5,0.856901,1.785126,118.68
512,1e-06,512,2,6,6,0.869149,1.369673,462.93
512,1e-06,48,1,6,2,0.213886,8.101373,19.91
512,1e-06,64,1,3,1,0.169755,8.507914,14.83
512,1e-06,32,2,8,4,0.225996,8.050578,26.61
512,1e-06,32,16,5,5,0.183033,8.008111,23.3
512,1e-06,48,2,2,4,0.169755,7.603563,17.8
512,1e-06,48,1,3,3,0.176909,7.702857,17.25
512,1e-06,96,16,2,1,0.269573,7.606205,16.63
1024,1e-06,64,4,8,3,0.243811,7.359361,22.4
1024,1e-06,192,1,5,8,0.789383,2.733166,107.32
1024,1e-06,512,2,8,2,0.864226,1.627758,316.53
1024,1e-06,16,2,8,1,0.015364,10.48274,12.02
1024,1e-06,192,1,8,5,0.712839,3.109058,95.25
1024,1e-06,256,16,2,2,0.528989,4.379968,53.47
1024,1e-06,1024,1,3,4,0.873252,1.266124,964.28
1024,1e-06,64,4,6,4,0.230569,7.587671,23.48
1024,1e-06,192,2,6,5,0.719053,3.179943,90.11
1024,1e-06,768,8,1,2,0.86578,1.380476,269.87
1024,1e-06,48,8,8,6,0.203167,7.806502,28.06
1024,1e-06,192,8,6,6,0.726203,3.074389,99.17
1024,1e-06,768,8,5,2,0.867219,1.466784,509.32
1024,1e-06,768,8,4,6,0.866729,1.322011,820.64
1024,1e-06,16,2,5,8,0.023542,9.638648,18.75
1024,1e-06,32,4,6,8,0.040837,8.505047,20.28
1024,1e-06,64,8,1,8,0.161474,7.404059,25.8
1024,1e-06,256,8,3,4,0.773152,2.802424,93.78
1024,1e-06,48,16,1,6,0.17845,8.489743,23.17
1024,1e-06,96,2,5,5,0.193276,6.489937,34.4
1024,1e-06,1024,2,5,2,0.871585,1.275471,861.43
1024,1e-06,32,2,3,1,0.054603,9.774806,9.19
1024,1e-06,192,4,5,4,0.561667,3.894489,73.0
1024,1e-06,192,1,4,8,0.760843,2.789024,107.77
1024,1e-06,768,8,4,5,0.863852,1.324677,720.94
1024,1e-06,64,8,1,1,0.166701,9.695234,8.55
1024,1e-06,48,1,3,6,0.175093,8.271313,23.05
1024,1e-06,256,4,4,8,0.839252,2.005742,152.47
1024,1e-06,256,1,6,6,0.836597,2.03546,140.42
32,5e-05,256,4,6,4,0.87401,1.246218,1894.25
64,0.0001,256,1,2,6,0.881446,1.298249,1473.05
32,5e-05,256,4,2,6,0.872997,1.277501,1799.01
128,0.0005,128,1,1,1,0.861822,1.323721,138.53
128,5e-05,128,4,6,2,0.868049,1.334957,389.74
32,0.001,256,1,4,1,0.502236,3.103684,896.41
32,0.0001,128,1,6,1,0.869701,1.298684,818.71
16,0.001,64,4,6,3,0.79927,1.998132,2202.48
32,0.001,512,1,2,2,0.165886,5.668631,2679.25
16,5e-05,256,4,6,2,0.874131,1.230333,1959.61
16,5e-05,256,16,6,1,0.867928,1.226534,1632.12
64,5e-05,256,4,2,3,0.876096,1.284004,857.74
32,5e-05,128,1,2,4,0.877628,1.29003,1044.13
16,0.0001,64,8,4,1,0.873467,1.281325,1287.72
256,0.001,64,8,1,4,0.863455,1.360095,159.19
16,0.0001,64,4,1,1,0.871736,1.228956,783.55
16,0.0001,64,8,6,6,0.871959,1.25261,3133.02
32,0.0005,64,4,4,6,0.858025,1.326633,1556.57
128,5e-05,1024,8,1,1,0.86121,1.344684,864.88
